{
  "scheme1": {
    "fortran_l11_runs": [
      -0.0019465568618703116,
      -0.0019465568618703116,
      -0.0019465568618703116,
      -0.0019465568618703116
    ],
    "fortran_mean_runtime_s": 0.02753720839973539,
    "fortran_source": "frozen fixture",
    "input": "/Users/rogeriojorge/local/tests/sfincs_jax/tests/ref/monoenergetic_PAS_tiny_scheme1.input.namelist",
    "jax_l11_runs": [
      -0.0019465568621811423,
      -0.0019465568621811423,
      -0.0019465568621811423,
      -0.0019465568621811423
    ],
    "jax_mean_runtime_s_excluding_compile": 0.09033603122225031,
    "jax_speedup_vs_fortran": 0.3048308413282696,
    "max_abs_l11_diff": 3.1083078819160725e-13
  },
  "scheme11": {
    "fortran_l11_runs": [
      -0.0025001970954609846,
      -0.0025001970954609846,
      -0.0025001970954609846,
      -0.0025001970954609846
    ],
    "fortran_mean_runtime_s": 3.63934829167556,
    "fortran_source": "frozen fixture",
    "input": "/Users/rogeriojorge/local/tests/sfincs_jax/tests/ref/monoenergetic_PAS_tiny_scheme11.input.namelist",
    "jax_l11_runs": [
      -0.002500197095462332,
      -0.002500197095462332,
      -0.002500197095462332,
      -0.002500197095462332
    ],
    "jax_mean_runtime_s_excluding_compile": 0.12021015622303821,
    "jax_speedup_vs_fortran": 30.274881973558912,
    "max_abs_l11_diff": 1.347446459964985e-15
  },
  "scheme12": {
    "fortran_l11_runs": [
      -0.04266066199265178,
      -0.04266066199265178,
      -0.04266066199265178,
      -0.04266066199265178
    ],
    "fortran_mean_runtime_s": 0.008876041742041707,
    "fortran_source": "frozen fixture",
    "input": "/Users/rogeriojorge/local/tests/sfincs_jax/tests/ref/monoenergetic_PAS_tiny_scheme12.input.namelist",
    "jax_l11_runs": [
      -0.042660750293215546,
      -0.042660750293215546,
      -0.042660750293215546,
      -0.042660750293215546
    ],
    "jax_mean_runtime_s_excluding_compile": 0.10138378100236878,
    "jax_speedup_vs_fortran": 0.08754893193255757,
    "max_abs_l11_diff": 8.830056376363249e-08
  },
  "scheme5_filtered": {
    "fortran_l11_runs": [
      -0.002462514103576401,
      -0.002462514103576401,
      -0.002462514103576401,
      -0.002462514103576401
    ],
    "fortran_mean_runtime_s": 2.962136333459057,
    "fortran_source": "frozen fixture",
    "input": "/Users/rogeriojorge/local/tests/sfincs_jax/tests/ref/monoenergetic_PAS_tiny_scheme5_filtered.input.namelist",
    "jax_l11_runs": [
      -0.002462514103577058,
      -0.002462514103577058,
      -0.002462514103577058,
      -0.002462514103577058
    ],
    "jax_mean_runtime_s_excluding_compile": 0.10961995823890902,
    "jax_speedup_vs_fortran": 27.02187066157504,
    "max_abs_l11_diff": 6.565928356572215e-16
  }
}