{
  "scheme1": {
    "fortran_l11_runs": [
      -0.0019465568618703116,
      -0.0019465568618703116,
      -0.0019465568618703116,
      -0.0019465568618703116
    ],
    "fortran_mean_runtime_s": 0.09170103148790076,
    "fortran_source": "live executable",
    "input": "/Users/rogeriojorge/local/tests/sfincs_jax/tests/ref/monoenergetic_PAS_tiny_scheme1.input.namelist",
    "jax_l11_runs": [
      -0.0019465568621780793,
      -0.0019465568621780793,
      -0.0019465568621780793,
      -0.0019465568621780793
    ],
    "jax_mean_runtime_s_excluding_compile": 0.12608831247780472,
    "jax_speedup_vs_fortran": 0.7272762216089049,
    "max_abs_l11_diff": 3.077677002139012e-13
  },
  "scheme11": {
    "fortran_l11_runs": [
      -0.0025001970954609846,
      -0.0025001970954609846,
      -0.0025001970954609846,
      -0.0025001970954609846
    ],
    "fortran_mean_runtime_s": 0.2369736977852881,
    "fortran_source": "live executable",
    "input": "/Users/rogeriojorge/local/tests/sfincs_jax/tests/ref/monoenergetic_PAS_tiny_scheme11.input.namelist",
    "jax_l11_runs": [
      -0.0025001970954618867,
      -0.0025001970954618867,
      -0.0025001970954618867,
      -0.0025001970954618867
    ],
    "jax_mean_runtime_s_excluding_compile": 1.5139784372586291,
    "jax_speedup_vs_fortran": 0.1565238262008394,
    "max_abs_l11_diff": 9.020562075079397e-16
  },
  "scheme12": {
    "fortran_l11_runs": [
      -0.04266066199265178,
      -0.04266066199265178,
      -0.04266066199265178,
      -0.04266066199265178
    ],
    "fortran_mean_runtime_s": 0.08061288550379686,
    "fortran_source": "live executable",
    "input": "/Users/rogeriojorge/local/tests/sfincs_jax/tests/ref/monoenergetic_PAS_tiny_scheme12.input.namelist",
    "jax_l11_runs": [
      -0.04266070906951823,
      -0.04266070906951823,
      -0.04266070906951823,
      -0.04266070906951823
    ],
    "jax_mean_runtime_s_excluding_compile": 0.14228778122924268,
    "jax_speedup_vs_fortran": 0.5665481941412793,
    "max_abs_l11_diff": 4.707686644678244e-08
  },
  "scheme5_filtered": {
    "fortran_l11_runs": [
      -0.002462514103576401,
      -0.002462514103576401,
      -0.002462514103576401,
      -0.002462514103576401
    ],
    "fortran_mean_runtime_s": 0.09206213554716669,
    "fortran_source": "live executable",
    "input": "/Users/rogeriojorge/local/tests/sfincs_jax/tests/ref/monoenergetic_PAS_tiny_scheme5_filtered.input.namelist",
    "jax_l11_runs": [
      -0.0024625141035764533,
      -0.0024625141035764533,
      -0.0024625141035764533,
      -0.0024625141035764533
    ],
    "jax_mean_runtime_s_excluding_compile": 0.22674503101734444,
    "jax_speedup_vs_fortran": 0.40601611040430946,
    "max_abs_l11_diff": 5.204170427930421e-17
  }
}