{
  "scheme1": {
    "cold_first_call_s": 2.4816787920426577,
    "compile_estimate_s": 1.7353163750376552,
    "input": "/Users/rogeriojorge/local/tests/sfincs_jax/tests/ref/monoenergetic_PAS_tiny_scheme1.input.namelist",
    "warm_first_call_s": 0.7463624170050025,
    "warm_steady_mean_s": 0.060635833690563835,
    "warm_steady_runs_s": [
      0.06139220902696252,
      0.06061429204419255,
      0.05990100000053644
    ]
  },
  "scheme11": {
    "cold_first_call_s": 2.8669289998942986,
    "compile_estimate_s": 1.5222737088333815,
    "input": "/Users/rogeriojorge/local/tests/sfincs_jax/tests/ref/monoenergetic_PAS_tiny_scheme11.input.namelist",
    "warm_first_call_s": 1.344655291060917,
    "warm_steady_mean_s": 0.06924016668926924,
    "warm_steady_runs_s": [
      0.06953991705086082,
      0.06930245796684176,
      0.06887812505010515
    ]
  },
  "scheme12": {
    "cold_first_call_s": 2.1728300839895383,
    "compile_estimate_s": 1.532949292100966,
    "input": "/Users/rogeriojorge/local/tests/sfincs_jax/tests/ref/monoenergetic_PAS_tiny_scheme12.input.namelist",
    "warm_first_call_s": 0.6398807918885723,
    "warm_steady_mean_s": 0.07303093028410028,
    "warm_steady_runs_s": [
      0.07276737492065877,
      0.07374962500762194,
      0.07257579092402011
    ]
  },
  "scheme5_filtered": {
    "cold_first_call_s": 2.215125665999949,
    "compile_estimate_s": 1.5478862909367308,
    "input": "/Users/rogeriojorge/local/tests/sfincs_jax/tests/ref/monoenergetic_PAS_tiny_scheme5_filtered.input.namelist",
    "warm_first_call_s": 0.6672393750632182,
    "warm_steady_mean_s": 0.08056750035999964,
    "warm_steady_runs_s": [
      0.08076220902148634,
      0.08013620809651911,
      0.08080408396199346
    ]
  }
}